"TLT_Policy Compliance Report_Windows 2019_Member Server_Monthly","11/28/2023 at 11:38:41 (GMT+0700)"
"TFS","990 Abdulrahim Place 18-19th fl.","Rama IV R.d Silom, Bangrak","Bangkok","None","Thailand","10500"
"Kalunyu Sopha","tfs_ks7","Unit Manager"
"SUMMARY"
"Policy Title","Policy Locking","Policy Modified","Policy Last Evaluated","Asset Groups","IPs","Asset Tags","PC Agent IPs","Technologies","Controls","Assets","Control Instances","Passed","Failures","Error","Approved Exceptions","Pending Exceptions"
"TLT-GISS-2021 - Microsoft Windows Server 2019 (Member Server) Level 1.v1","Unlocked","09/06/2023 at 09:09:30 (GMT+0700)","11/28/2023 at 11:05:44 (GMT+0700)","","","Included(all): BU~TLT - Thailand, OS: Windows Server 2019;
Excluded(all): Domain Controller;","No","Windows 2019 Server","103","76","7828","7810(99.77%)","18(0.23%)","0","0","0"
ASSET TAGS
"10.10.99.133",""Cloud Agent,Type CSAM:Server,Win-auth-nullsession,ScanTime15m,64bit-OS-System-Architecture,Assets NO Asset Group!,Scanned in 30-D,Scanned in 90-D,Scanned in 180-D,AU:Authentication Successful,AU:Authentication Failed,AU:Authentication Not Attempted,Operational Tags- Dashboards,No Asset Group,Type: Windows Server ALL,Firewall Detected,DC-Thailand,OS: Windows Server (ALL),Typee:Host Scan Time,AU: Windows Authentication Failed,OS: Windows Server 2019,TLT - Windows Agents,OI: SCCM break Authenticated devices,AU:Windows Authentication Successful,AR: Windows Fingerprint Assets,AI:Windows NetBIOS Name Exist,Type: Windows Complete OS,Reg: Pipe Level Access Denied,CE: TLS1.2,BU ~TLT - Thailand,EOL: Software Asset Inventory,Total Assets,Agent: Qualys Cloud Agent,Agent: CrowdStrike Agent,Inv: Server,Agent: Qualys Correlation Identified,NetBIOS Asset with Windows Authentication,Auth Using kerberos
"10.60.10.78",""Cloud Agent,CLV:TLT,Assets NO Asset Group!,Scanned in 30-D,Scanned in 90-D,Scanned in 180-D,AWS: State [RUNNING],Operational Tags- Dashboards,No Asset Group,Type: Windows Server ALL,OS: Windows Server (ALL),OS: Windows Server 2019,TLT - Windows Agents,*Asset Name Mismatch,AR: Windows Fingerprint Assets,Type: Windows Complete OS,BU ~TLT - Thailand,Total Assets,Agent: Qualys Cloud Agent,Agent: CrowdStrike Agent,Inv: Server,Agent: Qualys Correlation Identified,Type CSAM:Server,TLT_AWS_CCO_DEV:CC,64bit-OS-System-Architecture
"10.110.102.222",""Scanned in 180-D,Scanned in 90-D,AU:Authentication Failed,AU:Authentication Not Attempted,Operational Tags- Dashboards,No Asset Group,Type: Windows Server ALL,Firewall Detected,DC-Thailand,OS: Windows Server (ALL),Typee:Host Scan Time,AU: Windows Authentication Failed,OS: Windows Server 2019,TLT - Windows Agents,*Asset Name Mismatch,AR: Windows Fingerprint Assets,AI:Windows NetBIOS Name Exist,Type: Windows Complete OS,Reg: Pipe Level Access Denied,CE: TLS1.1,CE: TLS1.2,BU ~TLT - Thailand,EOL: Software Asset Inventory,Total Assets,Agent: Qualys Cloud Agent,Agent: CrowdStrike Agent,Inv: Server,Agent: Qualys Correlation Identified,DB: Microsoft SQL Server,Type CSAM:Server,Cloud Agent,Win-auth-nullsession,ScanTime15m,ScanTime60m,64bit-OS-System-Architecture,Assets NO Asset Group!,Scanned in 30-D,ScanTime-1-2H
"10.110.152.30",""Type: Windows Complete OS,AI:Windows NetBIOS Name Exist,CE: TLS1.1,CE: TLS1.2,BU ~TLT - Thailand,EOL: Software Asset Inventory,Total Assets,Agent: Qualys Cloud Agent,Agent: CrowdStrike Agent,Inv: Server,Agent: Qualys Correlation Identified,NetBIOS Asset with Windows Authentication,Type CSAM:Server,Cloud Agent,Auth Using kerberos,Win-auth-nullsession,ScanTime15m,ScanTime60m,64bit-OS-System-Architecture,Assets NO Asset Group!,Scanned in 30-D,Scanned in 90-D,Scanned in 180-D,ScanTime-1-2H,AU:Authentication Successful,AU:Authentication Failed,AU:Authentication Not Attempted,Operational Tags- Dashboards,No Asset Group,Type: Windows Server ALL,Firewall Detected,DC-Thailand,OS: Windows Server (ALL),Typee:Host Scan Time,AU: Windows Authentication Failed,OS: Windows Server 2019,TLT - Windows Agents,*Asset Name Mismatch,OI: SCCM break Authenticated devices,AU:Windows Authentication Successful,AR: Windows Fingerprint Assets,Reg: Pipe Level Access Denied
"10.110.153.220",""BU ~TLT - Thailand,EOL: Software Asset Inventory,Total Assets,Agent: Qualys Cloud Agent,Agent: CrowdStrike Agent,Inv: Server,Agent: Qualys Correlation Identified,Type CSAM:Server,Cloud Agent,Win-auth-nullsession,64bit-OS-System-Architecture,Assets NO Asset Group!,Scanned in 30-D,Scanned in 90-D,Scanned in 180-D,AU:Authentication Failed,Operational Tags- Dashboards,No Asset Group,Type: Windows Server ALL,DC-Thailand,OS: Windows Server (ALL),AU: Windows Authentication Failed,OS: Windows Server 2019,TLT - Windows Agents,AR: Windows Fingerprint Assets,AI:Windows NetBIOS Name Exist,Type: Windows Complete OS,Reg: Pipe Level Access Denied,CE: TLS1.1,CE: TLS1.2
"10.110.171.36",""Type CSAM:Server,Cloud Agent,Inv: Server,Agent: CrowdStrike Agent,Agent: Qualys Cloud Agent,Total Assets,EOL: Software Asset Inventory,BU ~TLT - Thailand,Type: Windows Complete OS,AR: Windows Fingerprint Assets,TLT - Windows Agents,OS: Windows Server 2019,OS: Windows Server (ALL),DC-Thailand,Type: Windows Server ALL,No Asset Group,Operational Tags- Dashboards,Scanned in 180-D,Scanned in 90-D,Scanned in 30-D,Assets NO Asset Group!,64bit-OS-System-Architecture,Agent: Qualys Correlation Identified
"10.110.171.49",""Agent: Qualys Correlation Identified,Inv: Server,Agent: CrowdStrike Agent,Agent: Qualys Cloud Agent,Total Assets,EOL: Software Asset Inventory,BU ~TLT - Thailand,Type: Windows Complete OS,AR: Windows Fingerprint Assets,*Asset Name Mismatch,TLT - Windows Agents,OS: Windows Server 2019,OS: Windows Server (ALL),DC-Thailand,Type: Windows Server ALL,No Asset Group,Operational Tags- Dashboards,Scanned in 180-D,Scanned in 90-D,Scanned in 30-D,Assets NO Asset Group!,64bit-OS-System-Architecture,Type CSAM:Server,Cloud Agent
"10.110.171.63",""Cloud Agent,Type CSAM:Server,Assets NO Asset Group!,Scanned in 30-D,Scanned in 90-D,Scanned in 180-D,Operational Tags- Dashboards,No Asset Group,Type: Windows Server ALL,DC-Thailand,OS: Windows Server (ALL),OS: Windows Server 2019,TLT - Windows Agents,*Asset Name Mismatch,AR: Windows Fingerprint Assets,Type: Windows Complete OS,BU ~TLT - Thailand,EOL: Software Asset Inventory,Total Assets,Agent: Qualys Cloud Agent,Agent: CrowdStrike Agent,Inv: Server,Agent: Qualys Correlation Identified,64bit-OS-System-Architecture
"10.110.171.71",""Cloud Agent,Win-auth-nullsession,ScanTime15m,ScanTime60m,64bit-OS-System-Architecture,Assets NO Asset Group!,Scanned in 30-D,Scanned in 90-D,Scanned in 180-D,ScanTime-1-2H,AU:Authentication Failed,AU:Authentication Not Attempted,Operational Tags- Dashboards,No Asset Group,Type: Windows Server ALL,Firewall Detected,DC-Thailand,OS: Windows Server (ALL),Typee:Host Scan Time,AU: Windows Authentication Failed,OS: Windows Server 2019,TLT - Windows Agents,*Asset Name Mismatch,AR: Windows Fingerprint Assets,AI:Windows NetBIOS Name Exist,Type: Windows Complete OS,Reg: Pipe Level Access Denied,CE: TLS1.1,CE: TLS1.2,BU ~TLT - Thailand,EOL: Software Asset Inventory,Total Assets,Agent: Qualys Cloud Agent,Agent: CrowdStrike Agent,Inv: Server,Agent: Qualys Correlation Identified,DB: Microsoft SQL Server,Type CSAM:Server
"10.110.171.72",""*Asset Name Mismatch,ScanTime15m,Win-auth-nullsession,Cloud Agent,Type CSAM:Server,DB: Microsoft SQL Server,Agent: Qualys Correlation Identified,Inv: Server,Agent: CrowdStrike Agent,Agent: Qualys Cloud Agent,Total Assets,EOL: Software Asset Inventory,BU ~TLT - Thailand,CE: TLS1.2,CE: TLS1.1,Reg: Pipe Level Access Denied,Type: Windows Complete OS,AI:Windows NetBIOS Name Exist,AR: Windows Fingerprint Assets,ScanTime60m,TLT - Windows Agents,OS: Windows Server 2019,AU: Windows Authentication Failed,Typee:Host Scan Time,64bit-OS-System-Architecture,Assets NO Asset Group!,Scanned in 30-D,Scanned in 90-D,Scanned in 180-D,ScanTime-1-2H,AU:Authentication Failed,AU:Authentication Not Attempted,Operational Tags- Dashboards,No Asset Group,Type: Windows Server ALL,Firewall Detected,DC-Thailand,OS: Windows Server (ALL)
"10.110.171.73",""Assets NO Asset Group!,TLT - Windows Agents,Cloud Agent,OS: Windows Server 2019,OS: Windows Server (ALL),DC-Thailand,Type: Windows Server ALL,No Asset Group,Operational Tags- Dashboards,Scanned in 180-D,Scanned in 90-D,Scanned in 30-D,Type CSAM:Server,Agent: Qualys Correlation Identified,Inv: Server,Agent: CrowdStrike Agent,Agent: Qualys Cloud Agent,Total Assets,EOL: Software Asset Inventory,BU ~TLT - Thailand,Type: Windows Complete OS,AR: Windows Fingerprint Assets,*Asset Name Mismatch,64bit-OS-System-Architecture
"10.110.171.74",""DC-Thailand,OS: Windows Server (ALL),OS: Windows Server 2019,TLT - Windows Agents,*Asset Name Mismatch,AR: Windows Fingerprint Assets,Type: Windows Complete OS,BU ~TLT - Thailand,EOL: Software Asset Inventory,Total Assets,Agent: Qualys Cloud Agent,Agent: CrowdStrike Agent,Inv: Server,Agent: Qualys Correlation Identified,Type CSAM:Server,Cloud Agent,64bit-OS-System-Architecture,Assets NO Asset Group!,Scanned in 30-D,Scanned in 90-D,Scanned in 180-D,Operational Tags- Dashboards,No Asset Group,Type: Windows Server ALL
"10.110.171.75",""Typee:Host Scan Time,AU: Windows Authentication Failed,OS: Windows Server 2019,TLT - Windows Agents,*Asset Name Mismatch,AR: Windows Fingerprint Assets,AI:Windows NetBIOS Name Exist,Type: Windows Complete OS,Reg: Pipe Level Access Denied,CE: TLS1.1,CE: TLS1.2,BU ~TLT - Thailand,EOL: Software Asset Inventory,Total Assets,Agent: Qualys Cloud Agent,Agent: CrowdStrike Agent,Inv: Server,Agent: Qualys Correlation Identified,DB: Microsoft SQL Server,Type CSAM:Server,Cloud Agent,Win-auth-nullsession,ScanTime15m,64bit-OS-System-Architecture,Assets NO Asset Group!,Scanned in 30-D,Scanned in 90-D,Scanned in 180-D,AU:Authentication Failed,AU:Authentication Not Attempted,Operational Tags- Dashboards,No Asset Group,Type: Windows Server ALL,Firewall Detected,DC-Thailand,OS: Windows Server (ALL)
"10.110.171.84",""Cloud Agent,Type CSAM:Server,64bit-OS-System-Architecture,Assets NO Asset Group!,Scanned in 30-D,Scanned in 90-D,Scanned in 180-D,AU:Authentication Successful,Operational Tags- Dashboards,No Asset Group,Type: Windows Server ALL,DC-Thailand,OS: Windows Server (ALL),OS: Windows Server 2019,TLT - Windows Agents,*Asset Name Mismatch,OI: SCCM break Authenticated devices,AU:Windows Authentication Successful,AR: Windows Fingerprint Assets,AI:Windows NetBIOS Name Exist,Type: Windows Complete OS,CE: TLS1.1,CE: TLS1.2,BU ~TLT - Thailand,EOL: Software Asset Inventory,Total Assets,Agent: Qualys Cloud Agent,Agent: CrowdStrike Agent,Inv: Server,Agent: Qualys Correlation Identified,NetBIOS Asset with Windows Authentication,Auth Using kerberos
"10.110.171.101",""Cloud Agent,Type CSAM:Server,Assets NO Asset Group!,Scanned in 30-D,Scanned in 90-D,Scanned in 180-D,Operational Tags- Dashboards,No Asset Group,Type: Windows Server ALL,DC-Thailand,OS: Windows Server (ALL),OS: Windows Server 2019,TLT - Windows Agents,*Asset Name Mismatch,AR: Windows Fingerprint Assets,Type: Windows Complete OS,BU ~TLT - Thailand,EOL: Software Asset Inventory,Total Assets,Agent: Qualys Cloud Agent,Agent: CrowdStrike Agent,Inv: Server,Agent: Qualys Correlation Identified,64bit-OS-System-Architecture
"10.110.171.151",""Cloud Agent,Type CSAM:Server,Assets NO Asset Group!,Scanned in 30-D,Scanned in 90-D,Scanned in 180-D,Operational Tags- Dashboards,No Asset Group,Type: Windows Server ALL,DC-Thailand,OS: Windows Server (ALL),OS: Windows Server 2019,TLT - Windows Agents,*Asset Name Mismatch,AR: Windows Fingerprint Assets,Type: Windows Complete OS,BU ~TLT - Thailand,EOL: Software Asset Inventory,Total Assets,Agent: Qualys Cloud Agent,Agent: CrowdStrike Agent,Inv: Server,Agent: Qualys Correlation Identified,64bit-OS-System-Architecture
"10.110.171.156",""Agent: Qualys Cloud Agent,Agent: CrowdStrike Agent,Inv: Server,Agent: Qualys Correlation Identified,Type CSAM:Server,Cloud Agent,64bit-OS-System-Architecture,Assets NO Asset Group!,Scanned in 30-D,Scanned in 90-D,Scanned in 180-D,Operational Tags- Dashboards,No Asset Group,Type: Windows Server ALL,DC-Thailand,OS: Windows Server (ALL),OS: Windows Server 2019,TLT - Windows Agents,*Asset Name Mismatch,AR: Windows Fingerprint Assets,Type: Windows Complete OS,BU ~TLT - Thailand,EOL: Software Asset Inventory,Total Assets
"10.110.171.157",""BU ~TLT - Thailand,CE: TLS1.2,Total Assets,Agent: Qualys Cloud Agent,Agent: CrowdStrike Agent,Inv: Server,Agent: Qualys Correlation Identified,DB: Microsoft SQL Server,Type CSAM:Server,EOL: Software Asset Inventory,CE: TLS1.1,Reg: Pipe Level Access Denied,Type: Windows Complete OS,AI:Windows NetBIOS Name Exist,AR: Windows Fingerprint Assets,*Asset Name Mismatch,TLT - Windows Agents,OS: Windows Server 2019,AU: Windows Authentication Failed,Typee:Host Scan Time,OS: Windows Server (ALL),DC-Thailand,Type: Windows Server ALL,No Asset Group,Operational Tags- Dashboards,AU:Authentication Not Attempted,AU:Authentication Failed,ScanTimeMin-11-20,Scanned in 180-D,Scanned in 90-D,Scanned in 30-D,Assets NO Asset Group!,64bit-OS-System-Architecture,Cloud Agent,Win-auth-nullsession,ScanTime15m
"10.110.171.158",""Type CSAM:Server,Cloud Agent,Inv: Server,Agent: CrowdStrike Agent,Agent: Qualys Cloud Agent,Total Assets,EOL: Software Asset Inventory,BU ~TLT - Thailand,Type: Windows Complete OS,AR: Windows Fingerprint Assets,*Asset Name Mismatch,TLT - Windows Agents,OS: Windows Server 2019,OS: Windows Server (ALL),DC-Thailand,Type: Windows Server ALL,No Asset Group,Operational Tags- Dashboards,Scanned in 180-D,Scanned in 90-D,Scanned in 30-D,Assets NO Asset Group!,64bit-OS-System-Architecture,Agent: Qualys Correlation Identified
"10.110.172.158",""Agent: Qualys Correlation Identified,Inv: Server,Type CSAM:Server,Cloud Agent,Auth Using kerberos,Win-auth-nullsession,64bit-OS-System-Architecture,Assets NO Asset Group!,Scanned in 30-D,Scanned in 90-D,Scanned in 180-D,AU:Authentication Successful,AU:Authentication Failed,Operational Tags- Dashboards,No Asset Group,Agent less Tracking Used,Type: Windows Server ALL,DC-Thailand,OS: Windows Server (ALL),AU: Windows Authentication Failed,OS: Windows Server 2019,TLT - Windows Agents,*Asset Name Mismatch,OI: SCCM break Authenticated devices,AU:Windows Authentication Successful,AR: Windows Fingerprint Assets,AI:Windows NetBIOS Name Exist,Type: Windows Complete OS,Reg: Pipe Level Access Denied,CE: TLS1.1,CE: TLS1.2,BU ~TLT - Thailand,EOL: Software Asset Inventory,Total Assets,Agent: Qualys Cloud Agent,Agent: CrowdStrike Agent,NetBIOS Asset with Windows Authentication
"10.110.173.54",""Cloud Agent,Win-auth-nullsession,64bit-OS-System-Architecture,Assets NO Asset Group!,Scanned in 30-D,Scanned in 90-D,Scanned in 180-D,AU:Authentication Failed,Operational Tags- Dashboards,No Asset Group,Type: Windows Server ALL,DC-Thailand,OS: Windows Server (ALL),AU: Windows Authentication Failed,OS: Windows Server 2019,TLT - Windows Agents,*Asset Name Mismatch,AR: Windows Fingerprint Assets,AI:Windows NetBIOS Name Exist,Type: Windows Complete OS,Reg: Pipe Level Access Denied,CE: TLS1.1,CE: TLS1.2,BU ~TLT - Thailand,EOL: Software Asset Inventory,Total Assets,Agent: Qualys Cloud Agent,Agent: CrowdStrike Agent,Inv: Server,Agent: Qualys Correlation Identified,Type CSAM:Server
"10.110.173.71",""Agent: Qualys Cloud Agent,Total Assets,Inv: Server,Agent: Qualys Correlation Identified,DB: Microsoft SQL Server,Type CSAM:Server,Cloud Agent,Win-auth-nullsession,ScanTime15m,ScanTime60m,64bit-OS-System-Architecture,Assets NO Asset Group!,Scanned in 30-D,Scanned in 90-D,Scanned in 180-D,ScanTime-1-2H,AU:Authentication Failed,AU:Authentication Not Attempted,Operational Tags- Dashboards,No Asset Group,Type: Windows Server ALL,Firewall Detected,DC-Thailand,OS: Windows Server (ALL),Typee:Host Scan Time,AU: Windows Authentication Failed,OS: Windows Server 2019,TLT - Windows Agents,AR: Windows Fingerprint Assets,AI:Windows NetBIOS Name Exist,Type: Windows Complete OS,Reg: Pipe Level Access Denied,CE: TLS1.1,CE: TLS1.2,BU ~TLT - Thailand,EOL: Software Asset Inventory,Agent: CrowdStrike Agent
"10.110.173.72",""CE: TLS1.1,CE: TLS1.2,BU ~TLT - Thailand,EOL: Software Asset Inventory,Total Assets,Agent: Qualys Cloud Agent,Agent: CrowdStrike Agent,Inv: Server,Agent: Qualys Correlation Identified,DB: Microsoft SQL Server,Type CSAM:Server,Cloud Agent,Win-auth-nullsession,ScanTime15m,ScanTime60m,64bit-OS-System-Architecture,Assets NO Asset Group!,Scanned in 30-D,Scanned in 90-D,Scanned in 180-D,ScanTime-1-2H,AU:Authentication Failed,AU:Authentication Not Attempted,Operational Tags- Dashboards,No Asset Group,Type: Windows Server ALL,Firewall Detected,DC-Thailand,OS: Windows Server (ALL),Typee:Host Scan Time,AU: Windows Authentication Failed,OS: Windows Server 2019,TLT - Windows Agents,*Asset Name Mismatch,AR: Windows Fingerprint Assets,AI:Windows NetBIOS Name Exist,Type: Windows Complete OS,Reg: Pipe Level Access Denied
"10.110.179.2",""Cloud Agent,Type CSAM:Server,Assets NO Asset Group!,Scanned in 30-D,Scanned in 90-D,Scanned in 180-D,Operational Tags- Dashboards,No Asset Group,Type: Windows Server ALL,DC-Thailand,OS: Windows Server (ALL),OS: Windows Server 2019,TLT - Windows Agents,AR: Windows Fingerprint Assets,Type: Windows Complete OS,BU ~TLT - Thailand,EOL: Software Asset Inventory,Total Assets,Agent: Qualys Cloud Agent,Agent: CrowdStrike Agent,Inv: Server,Agent: Qualys Correlation Identified,64bit-OS-System-Architecture
"10.110.179.12",""BU ~TLT - Thailand,EOL: Software Asset Inventory,Total Assets,Agent: Qualys Cloud Agent,Agent: CrowdStrike Agent,Inv: Server,Agent: Qualys Correlation Identified,DB: Microsoft SQL Server,Type CSAM:Server,Cloud Agent,64bit-OS-System-Architecture,Assets NO Asset Group!,Scanned in 30-D,Scanned in 90-D,Scanned in 180-D,Operational Tags- Dashboards,No Asset Group,Type: Windows Server ALL,DC-Thailand,OS: Windows Server (ALL),OS: Windows Server 2019,TLT - Windows Agents,*Asset Name Mismatch,AR: Windows Fingerprint Assets,Type: Windows Complete OS
"10.110.179.21",""Scanned in 90-D,NetBIOS Asset with Windows Authentication,Agent: Qualys Correlation Identified,Inv: Server,Agent: CrowdStrike Agent,Agent: Qualys Cloud Agent,Total Assets,EOL: Software Asset Inventory,BU ~TLT - Thailand,CE: TLS1.2,CE: TLS1.1,Reg: Pipe Level Access Denied,Type: Windows Complete OS,AI:Windows NetBIOS Name Exist,AR: Windows Fingerprint Assets,AU:Windows Authentication Successful,OI: SCCM break Authenticated devices,*Asset Name Mismatch,TLT - Windows Agents,OS: Windows Server 2019,AU: Windows Authentication Failed,Typee:Host Scan Time,OS: Windows Server (ALL),DC-Thailand,Cloud Agent,Auth Using kerberos,Win-auth-nullsession,ScanTime15m,64bit-OS-System-Architecture,Assets NO Asset Group!,Scanned in 30-D,Type CSAM:Server,Scanned in 180-D,AU:Authentication Successful,AU:Authentication Failed,AU:Authentication Not Attempted,Operational Tags- Dashboards,No Asset Group,Type: Windows Server ALL,Firewall Detected
"10.110.179.23",""Type CSAM:Server,Cloud Agent,Inv: Server,Agent: CrowdStrike Agent,Agent: Qualys Cloud Agent,Total Assets,EOL: Software Asset Inventory,BU ~TLT - Thailand,Type: Windows Complete OS,AR: Windows Fingerprint Assets,*Asset Name Mismatch,TLT - Windows Agents,OS: Windows Server 2019,OS: Windows Server (ALL),DC-Thailand,Type: Windows Server ALL,No Asset Group,Operational Tags- Dashboards,Scanned in 180-D,Scanned in 90-D,Scanned in 30-D,Assets NO Asset Group!,64bit-OS-System-Architecture,Agent: Qualys Correlation Identified
"10.110.179.24",""No Asset Group,Type: Windows Server ALL,DC-Thailand,OS: Windows Server (ALL),OS: Windows Server 2019,TLT - Windows Agents,*Asset Name Mismatch,AR: Windows Fingerprint Assets,Type: Windows Complete OS,BU ~TLT - Thailand,EOL: Software Asset Inventory,Total Assets,Agent: Qualys Cloud Agent,Agent: CrowdStrike Agent,Inv: Server,Agent: Qualys Correlation Identified,Type CSAM:Server,Cloud Agent,64bit-OS-System-Architecture,Assets NO Asset Group!,Scanned in 30-D,Scanned in 90-D,Scanned in 180-D,Operational Tags- Dashboards
"10.110.179.31",""Cloud Agent,Type CSAM:Server,Assets NO Asset Group!,Scanned in 30-D,Scanned in 90-D,Scanned in 180-D,Operational Tags- Dashboards,No Asset Group,Type: Windows Server ALL,DC-Thailand,OS: Windows Server (ALL),OS: Windows Server 2019,TLT - Windows Agents,*Asset Name Mismatch,AR: Windows Fingerprint Assets,Type: Windows Complete OS,BU ~TLT - Thailand,EOL: Software Asset Inventory,Total Assets,Agent: Qualys Cloud Agent,Agent: CrowdStrike Agent,Inv: Server,Agent: Qualys Correlation Identified,64bit-OS-System-Architecture
"10.110.179.32",""Cloud Agent,Type CSAM:Server,Assets NO Asset Group!,Scanned in 30-D,Scanned in 90-D,Scanned in 180-D,Operational Tags- Dashboards,No Asset Group,Type: Windows Server ALL,DC-Thailand,OS: Windows Server (ALL),OS: Windows Server 2019,TLT - Windows Agents,*Asset Name Mismatch,AR: Windows Fingerprint Assets,Type: Windows Complete OS,BU ~TLT - Thailand,EOL: Software Asset Inventory,Total Assets,Agent: Qualys Cloud Agent,Agent: CrowdStrike Agent,Inv: Server,Agent: Qualys Correlation Identified,64bit-OS-System-Architecture
"10.110.179.33",""64bit-OS-System-Architecture,Type CSAM:Server,Scanned in 30-D,Scanned in 90-D,Scanned in 180-D,Operational Tags- Dashboards,No Asset Group,Type: Windows Server ALL,DC-Thailand,OS: Windows Server (ALL),OS: Windows Server 2019,TLT - Windows Agents,*Asset Name Mismatch,AR: Windows Fingerprint Assets,Type: Windows Complete OS,BU ~TLT - Thailand,EOL: Software Asset Inventory,Cloud Agent,Total Assets,Agent: Qualys Cloud Agent,Agent: CrowdStrike Agent,Inv: Server,Agent: Qualys Correlation Identified,Assets NO Asset Group!
"10.110.179.34",""Cloud Agent,Type CSAM:Server,Assets NO Asset Group!,Scanned in 30-D,Scanned in 90-D,Scanned in 180-D,Operational Tags- Dashboards,No Asset Group,Type: Windows Server ALL,DC-Thailand,OS: Windows Server (ALL),OS: Windows Server 2019,TLT - Windows Agents,*Asset Name Mismatch,AR: Windows Fingerprint Assets,Type: Windows Complete OS,BU ~TLT - Thailand,EOL: Software Asset Inventory,Total Assets,Agent: Qualys Cloud Agent,Agent: CrowdStrike Agent,Inv: Server,Agent: Qualys Correlation Identified,64bit-OS-System-Architecture
"10.110.179.45",""Cloud Agent,Type CSAM:Server,Assets NO Asset Group!,Scanned in 30-D,Scanned in 90-D,Scanned in 180-D,Operational Tags- Dashboards,No Asset Group,Type: Windows Server ALL,DC-Thailand,OS: Windows Server (ALL),OS: Windows Server 2019,TLT - Windows Agents,*Asset Name Mismatch,AR: Windows Fingerprint Assets,Type: Windows Complete OS,BU ~TLT - Thailand,EOL: Software Asset Inventory,Total Assets,Agent: Qualys Cloud Agent,Agent: CrowdStrike Agent,Inv: Server,Agent: Qualys Correlation Identified,DB: Microsoft SQL Server,64bit-OS-System-Architecture
"10.110.179.52",""Cloud Agent,Type CSAM:Server,Assets NO Asset Group!,Scanned in 30-D,Scanned in 90-D,Scanned in 180-D,Operational Tags- Dashboards,No Asset Group,Type: Windows Server ALL,DC-Thailand,OS: Windows Server (ALL),OS: Windows Server 2019,TLT - Windows Agents,*Asset Name Mismatch,AR: Windows Fingerprint Assets,Type: Windows Complete OS,BU ~TLT - Thailand,EOL: Software Asset Inventory,Total Assets,Agent: Qualys Cloud Agent,Agent: CrowdStrike Agent,Inv: Server,Agent: Qualys Correlation Identified,64bit-OS-System-Architecture
"10.110.179.53",""Inv: Server,Agent: CrowdStrike Agent,Type CSAM:Server,Cloud Agent,64bit-OS-System-Architecture,Assets NO Asset Group!,Scanned in 30-D,Scanned in 90-D,Scanned in 180-D,Operational Tags- Dashboards,No Asset Group,Type: Windows Server ALL,DC-Thailand,OS: Windows Server (ALL),OS: Windows Server 2019,TLT - Windows Agents,AR: Windows Fingerprint Assets,Type: Windows Complete OS,BU ~TLT - Thailand,EOL: Software Asset Inventory,Total Assets,Agent: Qualys Cloud Agent,Agent: Qualys Correlation Identified
"10.112.100.222",""Cloud Agent,Type CSAM:Server,Win-auth-nullsession,64bit-OS-System-Architecture,Assets NO Asset Group!,Scanned in 30-D,Scanned in 90-D,Scanned in 180-D,ScanTimeMin-0-10,AU:Authentication Successful,AU:Authentication Failed,AU:Authentication Not Attempted,Operational Tags- Dashboards,No Asset Group,Type: Windows Server ALL,Firewall Detected,DC-Thailand,OS: Windows Server (ALL),Typee:Host Scan Time,AU: Windows Authentication Failed,OS: Windows Server 2019,TLT - Windows Agents,OI: SCCM break Authenticated devices,AU:Windows Authentication Successful,AR: Windows Fingerprint Assets,AI:Windows NetBIOS Name Exist,Type: Windows Complete OS,Reg: Pipe Level Access Denied,CE: TLS1.1,CE: TLS1.2,BU ~TLT - Thailand,EOL: Software Asset Inventory,Total Assets,Agent: Qualys Cloud Agent,Agent: CrowdStrike Agent,Inv: Server,Agent: Qualys Correlation Identified,NetBIOS Asset with Windows Authentication,Auth Using kerberos
"10.114.100.20",""Cloud Agent,Type CSAM:Server,Assets NO Asset Group!,Scanned in 30-D,Scanned in 90-D,Scanned in 180-D,Operational Tags- Dashboards,No Asset Group,Type: Windows Server ALL,DC-Thailand,OS: Windows Server (ALL),OS: Windows Server 2019,TLT - Windows Agents,*Asset Name Mismatch,AR: Windows Fingerprint Assets,Type: Windows Complete OS,BU ~TLT - Thailand,EOL: Software Asset Inventory,Total Assets,Agent: Qualys Cloud Agent,Agent: CrowdStrike Agent,Inv: Server,Agent: Qualys Correlation Identified,64bit-OS-System-Architecture
"10.114.100.222",""Cloud Agent,Auth Using kerberos,Win-auth-nullsession,64bit-OS-System-Architecture,Assets NO Asset Group!,ScanTimeMin5-10,Scanned in 30-D,Scanned in 90-D,Scanned in 180-D,ScanTimeMin-0-10,AU:Authentication Successful,AU:Authentication Failed,AU:Authentication Not Attempted,Operational Tags- Dashboards,No Asset Group,Type: Windows Server ALL,Firewall Detected,DC-Thailand,OS: Windows Server (ALL),Typee:Host Scan Time,AU: Windows Authentication Failed,OS: Windows Server 2019,TLT - Windows Agents,*Asset Name Mismatch,OI: SCCM break Authenticated devices,AU:Windows Authentication Successful,AR: Windows Fingerprint Assets,AI:Windows NetBIOS Name Exist,Type: Windows Complete OS,Reg: Pipe Level Access Denied,CE: TLS1.1,CE: TLS1.2,BU ~TLT - Thailand,EOL: Software Asset Inventory,Total Assets,Agent: Qualys Cloud Agent,Agent: CrowdStrike Agent,Inv: Server,Agent: Qualys Correlation Identified,NetBIOS Asset with Windows Authentication,Type CSAM:Server
"10.115.100.222",""AU: Windows Authentication Failed,Typee:Host Scan Time,TLT - Windows Agents,*Asset Name Mismatch,OI: SCCM break Authenticated devices,AU:Windows Authentication Successful,AR: Windows Fingerprint Assets,Type: Dissolvable Failed- Error Out,AI:Windows NetBIOS Name Exist,Type: Windows Complete OS,Reg: Pipe Level Access Denied,CE: TLS1.1,CE: TLS1.2,BU ~TLT - Thailand,EOL: Software Asset Inventory,Total Assets,Agent: Qualys Cloud Agent,Agent: CrowdStrike Agent,Inv: Server,Agent: Qualys Correlation Identified,NetBIOS Asset with Windows Authentication,Type CSAM:Server,Cloud Agent,Auth Using kerberos,Win-auth-nullsession,64bit-OS-System-Architecture,Assets NO Asset Group!,ScanTimeMin5-10,Scanned in 30-D,Scanned in 90-D,Scanned in 180-D,ScanTimeMin-0-10,AU:Authentication Successful,AU:Authentication Failed,AU:Authentication Not Attempted,Operational Tags- Dashboards,No Asset Group,Type: Windows Server ALL,Firewall Detected,DC-Thailand,OS: Windows Server (ALL),OS: Windows Server 2019
"10.116.100.222",""BU ~TLT - Thailand,*Asset Name Mismatch,Total Assets,Agent: Qualys Cloud Agent,Agent: CrowdStrike Agent,Inv: Server,Agent: Qualys Correlation Identified,NetBIOS Asset with Windows Authentication,Type CSAM:Server,Type: Dissolvable Failed- Error Out,AI:Windows NetBIOS Name Exist,Type: Windows Complete OS,Reg: Pipe Level Access Denied,CE: TLS1.1,CE: TLS1.2,OI: SCCM break Authenticated devices,AU:Windows Authentication Successful,AR: Windows Fingerprint Assets,Cloud Agent,Auth Using kerberos,Win-auth-nullsession,64bit-OS-System-Architecture,Assets NO Asset Group!,ScanTimeMin5-10,Scanned in 30-D,Scanned in 90-D,Scanned in 180-D,ScanTimeMin-0-10,AU:Authentication Successful,AU:Authentication Failed,AU:Authentication Not Attempted,Operational Tags- Dashboards,No Asset Group,Type: Windows Server ALL,Firewall Detected,DC-Thailand,OS: Windows Server (ALL),Typee:Host Scan Time,AU: Windows Authentication Failed,OS: Windows Server 2019,TLT - Windows Agents,EOL: Software Asset Inventory
"10.117.100.222",""AR: Windows Fingerprint Assets,AU:Windows Authentication Successful,AI:Windows NetBIOS Name Exist,Type: Windows Complete OS,Reg: Pipe Level Access Denied,CE: TLS1.1,CE: TLS1.2,BU ~TLT - Thailand,EOL: Software Asset Inventory,Total Assets,Agent: Qualys Cloud Agent,Agent: CrowdStrike Agent,Inv: Server,Agent: Qualys Correlation Identified,NetBIOS Asset with Windows Authentication,Type CSAM:Server,Cloud Agent,Auth Using kerberos,Win-auth-nullsession,64bit-OS-System-Architecture,Assets NO Asset Group!,ScanTimeMin5-10,Scanned in 30-D,Scanned in 90-D,Scanned in 180-D,ScanTimeMin-0-10,AU:Authentication Successful,AU:Authentication Failed,AU:Authentication Not Attempted,Operational Tags- Dashboards,No Asset Group,Type: Windows Server ALL,Firewall Detected,DC-Thailand,OS: Windows Server (ALL),Typee:Host Scan Time,AU: Windows Authentication Failed,OS: Windows Server 2019,TLT - Windows Agents,OI: SCCM break Authenticated devices,Type: Dissolvable Failed- Error Out
"10.118.100.222",""Cloud Agent,Type CSAM:Server,Win-auth-nullsession,64bit-OS-System-Architecture,Assets NO Asset Group!,ScanTimeMin5-10,Scanned in 30-D,Scanned in 90-D,Scanned in 180-D,ScanTimeMin-0-10,AU:Authentication Successful,AU:Authentication Failed,AU:Authentication Not Attempted,Operational Tags- Dashboards,No Asset Group,Type: Windows Server ALL,Firewall Detected,DC-Thailand,OS: Windows Server (ALL),Typee:Host Scan Time,AU: Windows Authentication Failed,OS: Windows Server 2019,TLT - Windows Agents,*Asset Name Mismatch,OI: SCCM break Authenticated devices,AU:Windows Authentication Successful,AR: Windows Fingerprint Assets,AI:Windows NetBIOS Name Exist,Type: Windows Complete OS,Reg: Pipe Level Access Denied,CE: TLS1.1,CE: TLS1.2,BU ~TLT - Thailand,EOL: Software Asset Inventory,Total Assets,Agent: Qualys Cloud Agent,Agent: CrowdStrike Agent,Inv: Server,Agent: Qualys Correlation Identified,NetBIOS Asset with Windows Authentication,Auth Using kerberos
"10.120.2.61",""Cloud Agent,Type CSAM:Server,Assets NO Asset Group!,Scanned in 30-D,Scanned in 90-D,Scanned in 180-D,Operational Tags- Dashboards,No Asset Group,Type: Windows Server ALL,DC-Thailand,OS: Windows Server (ALL),OS: Windows Server 2019,TLT - Windows Agents,*Asset Name Mismatch,AR: Windows Fingerprint Assets,Type: Windows Complete OS,BU ~TLT - Thailand,EOL: Software Asset Inventory,Total Assets,Agent: Qualys Cloud Agent,Agent: CrowdStrike Agent,Inv: Server,Agent: Qualys Correlation Identified,DB: Microsoft SQL Server,64bit-OS-System-Architecture
"10.120.2.62",""Cloud Agent,64bit-OS-System-Architecture,Assets NO Asset Group!,Scanned in 30-D,Scanned in 90-D,Scanned in 180-D,Operational Tags- Dashboards,No Asset Group,Type: Windows Server ALL,DC-Thailand,OS: Windows Server (ALL),OS: Windows Server 2019,TLT - Windows Agents,*Asset Name Mismatch,AR: Windows Fingerprint Assets,Type: Windows Complete OS,BU ~TLT - Thailand,EOL: Software Asset Inventory,Total Assets,Agent: Qualys Cloud Agent,Agent: CrowdStrike Agent,Inv: Server,Agent: Qualys Correlation Identified,Type CSAM:Server
"10.120.2.63",""64bit-OS-System-Architecture,Cloud Agent,Scanned in 30-D,Scanned in 90-D,Scanned in 180-D,Operational Tags- Dashboards,No Asset Group,Type: Windows Server ALL,DC-Thailand,OS: Windows Server (ALL),OS: Windows Server 2019,TLT - Windows Agents,*Asset Name Mismatch,AR: Windows Fingerprint Assets,Type: Windows Complete OS,BU ~TLT - Thailand,EOL: Software Asset Inventory,Total Assets,Agent: Qualys Cloud Agent,Agent: CrowdStrike Agent,Inv: Server,Agent: Qualys Correlation Identified,Type CSAM:Server,Assets NO Asset Group!
"10.120.102.222",""Cloud Agent,Type CSAM:Server,Assets NO Asset Group!,Scanned in 30-D,Scanned in 90-D,Scanned in 180-D,Operational Tags- Dashboards,No Asset Group,Type: Windows Server ALL,DC-Thailand,OS: Windows Server (ALL),OS: Windows Server 2019,TLT - Windows Agents,AR: Windows Fingerprint Assets,Type: Windows Complete OS,BU ~TLT - Thailand,EOL: Software Asset Inventory,Total Assets,Agent: Qualys Cloud Agent,Agent: CrowdStrike Agent,Inv: Server,Agent: Qualys Correlation Identified,64bit-OS-System-Architecture
"10.121.100.222",""Cloud Agent,Type CSAM:Server,Win-auth-nullsession,64bit-OS-System-Architecture,Assets NO Asset Group!,Scanned in 30-D,Scanned in 90-D,Scanned in 180-D,ScanTimeMin-0-10,AU:Authentication Successful,AU:Authentication Failed,AU:Authentication Not Attempted,Operational Tags- Dashboards,No Asset Group,Type: Windows Server ALL,Firewall Detected,DC-Thailand,OS: Windows Server (ALL),Typee:Host Scan Time,AU: Windows Authentication Failed,OS: Windows Server 2019,TLT - Windows Agents,OI: SCCM break Authenticated devices,AU:Windows Authentication Successful,AR: Windows Fingerprint Assets,AI:Windows NetBIOS Name Exist,Type: Windows Complete OS,Reg: Pipe Level Access Denied,CE: TLS1.1,CE: TLS1.2,BU ~TLT - Thailand,EOL: Software Asset Inventory,Total Assets,Agent: Qualys Cloud Agent,Agent: CrowdStrike Agent,Inv: Server,Agent: Qualys Correlation Identified,NetBIOS Asset with Windows Authentication,Auth Using kerberos
"10.194.20.101",""Total Assets,Agent: Qualys Cloud Agent,Agent: CrowdStrike Agent,Inv: Server,Agent: Qualys Correlation Identified,Type CSAM:Server,Cloud Agent,64bit-OS-System-Architecture,Assets NO Asset Group!,Scanned in 30-D,Scanned in 90-D,Scanned in 180-D,AWS: State [RUNNING],Operational Tags- Dashboards,No Asset Group,Type: Windows Server ALL,OS: Windows Server (ALL),OS: Windows Server 2019,TLT - Windows Agents,AR: Windows Fingerprint Assets,Type: Windows Complete OS,BU ~TLT - Thailand
"10.197.177.148",""Cloud Agent,64bit-OS-System-Architecture,Type CSAM:Server,Agent: Qualys Correlation Identified,Inv: Server,Agent: CrowdStrike Agent,Agent: Qualys Cloud Agent,Total Assets,EOL: Software Asset Inventory,BU ~TLT - Thailand,Type: Windows Complete OS,AR: Windows Fingerprint Assets,*Asset Name Mismatch,TLT - Windows Agents,OS: Windows Server 2019,OS: Windows Server (ALL),DC-Thailand,Type: Windows Server ALL,No Asset Group,Operational Tags- Dashboards,Scanned in 180-D,Scanned in 90-D,Scanned in 30-D,Assets NO Asset Group!
"10.197.177.240",""Cloud Agent,Type CSAM:Server,Inv: Server,Agent: CrowdStrike Agent,Agent: Qualys Cloud Agent,Total Assets,EOL: Software Asset Inventory,BU ~TLT - Thailand,Type: Windows Complete OS,AR: Windows Fingerprint Assets,*Asset Name Mismatch,TLT - Windows Agents,OS: Windows Server 2019,OS: Windows Server (ALL),DC-Thailand,Type: Windows Server ALL,No Asset Group,Operational Tags- Dashboards,Scanned in 180-D,Scanned in 90-D,Scanned in 30-D,Assets NO Asset Group!,64bit-OS-System-Architecture,Agent: Qualys Correlation Identified
"192.100.2.17",""Agent: Qualys Cloud Agent,Agent: CrowdStrike Agent,Inv: Server,Agent: Qualys Correlation Identified,DB: Microsoft SQL Server,Type CSAM:Server,Cloud Agent,Win-auth-nullsession,64bit-OS-System-Architecture,Assets NO Asset Group!,Scanned in 30-D,Scanned in 90-D,Scanned in 180-D,AU:Authentication Failed,Operational Tags- Dashboards,No Asset Group,Type: Windows Server ALL,DC-Thailand,OS: Windows Server (ALL),AU: Windows Authentication Failed,OS: Windows Server 2019,TLT - Windows Agents,*Asset Name Mismatch,AR: Windows Fingerprint Assets,AI:Windows NetBIOS Name Exist,Type: Windows Complete OS,Internet Facing Assets,Reg: Pipe Level Access Denied,CE: TLS1.1,CE: TLS1.2,BU ~TLT - Thailand,EOL: Software Asset Inventory,Total Assets
"192.100.10.220",""Cloud Agent,NOT-Scanned in 7-D,ScanTime15m,64bit-OS-System-Architecture,Assets NO Asset Group!,Scanned in 30-D,Scanned in 90-D,Scanned in 180-D,AU:Authentication Failed,AU:Authentication Not Attempted,Operational Tags- Dashboards,No Asset Group,Type: Windows Server ALL,Firewall Detected,DC-Thailand,OS: Windows Server (ALL),Typee:Host Scan Time,AU: Windows Authentication Failed,OS: Windows Server 2019,TLT - Windows Agents,*Asset Name Mismatch,AR: Windows Fingerprint Assets,AI:Windows NetBIOS Name Exist,Type: Windows Complete OS,Internet Facing Assets,Reg: Pipe Level Access Denied,CE: TLS1.1,CE: TLS1.2,BU ~TLT - Thailand,EOL: Software Asset Inventory,Total Assets,Agent: Qualys Cloud Agent,Agent: CrowdStrike Agent,Inv: Server,Agent: Qualys Correlation Identified,Type CSAM:Server,Win-auth-nullsession
"192.100.10.253",""CE: TLS1.2,BU ~TLT - Thailand,EOL: Software Asset Inventory,Total Assets,Agent: Qualys Cloud Agent,Agent: CrowdStrike Agent,Inv: Server,Agent: Qualys Correlation Identified,DB: Microsoft SQL Server,Type CSAM:Server,Cloud Agent,Win-auth-nullsession,ScanTime15m,64bit-OS-System-Architecture,Assets NO Asset Group!,Scanned in 30-D,Scanned in 90-D,Scanned in 180-D,AU:Authentication Failed,AU:Authentication Not Attempted,Operational Tags- Dashboards,No Asset Group,Type: Windows Server ALL,Firewall Detected,DC-Thailand,OS: Windows Server (ALL),Typee:Host Scan Time,AU: Windows Authentication Failed,OS: Windows Server 2019,TLT - Windows Agents,*Asset Name Mismatch,AR: Windows Fingerprint Assets,AI:Windows NetBIOS Name Exist,Type: Windows Complete OS,Internet Facing Assets,Reg: Pipe Level Access Denied,CE: TLS1.1
"192.100.20.215",""Cloud Agent,Type CSAM:Server,Assets NO Asset Group!,Scanned in 30-D,Scanned in 90-D,Scanned in 180-D,Operational Tags- Dashboards,No Asset Group,Type: Windows Server ALL,DC-Thailand,OS: Windows Server (ALL),OS: Windows Server 2019,TLT - Windows Agents,*Asset Name Mismatch,AR: Windows Fingerprint Assets,Type: Windows Complete OS,Internet Facing Assets,BU ~TLT - Thailand,EOL: Software Asset Inventory,Total Assets,Agent: Qualys Cloud Agent,Agent: CrowdStrike Agent,Inv: Server,Agent: Qualys Correlation Identified,64bit-OS-System-Architecture
"192.100.30.61",""Cloud Agent,64bit-OS-System-Architecture,Type CSAM:Server,DB: Microsoft SQL Server,Agent: Qualys Correlation Identified,Inv: Server,Agent: CrowdStrike Agent,Agent: Qualys Cloud Agent,Total Assets,EOL: Software Asset Inventory,BU ~TLT - Thailand,Internet Facing Assets,Type: Windows Complete OS,AR: Windows Fingerprint Assets,*Asset Name Mismatch,TLT - Windows Agents,OS: Windows Server 2019,OS: Windows Server (ALL),DC-Thailand,Type: Windows Server ALL,No Asset Group,Operational Tags- Dashboards,Scanned in 180-D,Scanned in 90-D,Scanned in 30-D,Assets NO Asset Group!
"192.100.30.62",""Agent: Qualys Correlation Identified,Type CSAM:Server,Agent: CrowdStrike Agent,Agent: Qualys Cloud Agent,Total Assets,EOL: Software Asset Inventory,BU ~TLT - Thailand,Internet Facing Assets,Type: Windows Complete OS,AR: Windows Fingerprint Assets,*Asset Name Mismatch,TLT - Windows Agents,OS: Windows Server 2019,OS: Windows Server (ALL),DC-Thailand,Type: Windows Server ALL,No Asset Group,Operational Tags- Dashboards,Scanned in 180-D,Scanned in 90-D,Scanned in 30-D,Assets NO Asset Group!,64bit-OS-System-Architecture,Cloud Agent,Inv: Server
"192.100.50.93",""64bit-OS-System-Architecture,Cloud Agent,Scanned in 30-D,Scanned in 90-D,Scanned in 180-D,Operational Tags- Dashboards,No Asset Group,Type: Windows Server ALL,DC-Thailand,OS: Windows Server (ALL),OS: Windows Server 2019,TLT - Windows Agents,*Asset Name Mismatch,AR: Windows Fingerprint Assets,Type: Windows Complete OS,Internet Facing Assets,BU ~TLT - Thailand,EOL: Software Asset Inventory,Total Assets,Agent: Qualys Cloud Agent,Agent: CrowdStrike Agent,Inv: Server,Agent: Qualys Correlation Identified,DB: Microsoft SQL Server,Type CSAM:Server,Assets NO Asset Group!
"192.100.50.94",""64bit-OS-System-Architecture,Assets NO Asset Group!,Scanned in 30-D,Scanned in 90-D,Scanned in 180-D,AU:Authentication Successful,AU:Authentication Failed,AU:Authentication Not Attempted,Operational Tags- Dashboards,No Asset Group,Type: Windows Server ALL,Firewall Detected,DC-Thailand,OS: Windows Server (ALL),Typee:Host Scan Time,AU: Windows Authentication Failed,OS: Windows Server 2019,TLT - Windows Agents,*Asset Name Mismatch,OI: SCCM break Authenticated devices,AU:Windows Authentication Successful,AR: Windows Fingerprint Assets,AI:Windows NetBIOS Name Exist,Type: Windows Complete OS,Internet Facing Assets,Reg: Pipe Level Access Denied,CE: TLS1.1,CE: TLS1.2,BU ~TLT - Thailand,EOL: Software Asset Inventory,Total Assets,Agent: Qualys Cloud Agent,Agent: CrowdStrike Agent,Inv: Server,Agent: Qualys Correlation Identified,NetBIOS Asset with Windows Authentication,DB: Microsoft SQL Server,Type CSAM:Server,Cloud Agent,Auth Using kerberos,Win-auth-nullsession,ScanTime15m
"192.100.55.177",""Cloud Agent,Type CSAM:Server,ScanTime15m,64bit-OS-System-Architecture,Assets NO Asset Group!,Scanned in 30-D,Scanned in 90-D,Scanned in 180-D,AU:Authentication Failed,AU:Authentication Not Attempted,Operational Tags- Dashboards,No Asset Group,Type: Windows Server ALL,Firewall Detected,DC-Thailand,OS: Windows Server (ALL),Typee:Host Scan Time,AU: Windows Authentication Failed,OS: Windows Server 2019,TLT - Windows Agents,AR: Windows Fingerprint Assets,AI:Windows NetBIOS Name Exist,Type: Windows Complete OS,Internet Facing Assets,Reg: Pipe Level Access Denied,CE: TLS1.1,CE: TLS1.2,BU ~TLT - Thailand,EOL: Software Asset Inventory,Total Assets,Agent: Qualys Cloud Agent,Agent: CrowdStrike Agent,Inv: Server,Agent: Qualys Correlation Identified,Win-auth-nullsession
"192.100.59.42",""Cloud Agent,Type CSAM:Server,Assets NO Asset Group!,Scanned in 30-D,Scanned in 90-D,Scanned in 180-D,Operational Tags- Dashboards,No Asset Group,Type: Windows Server ALL,DC-Thailand,OS: Windows Server (ALL),OS: Windows Server 2019,TLT - Windows Agents,AR: Windows Fingerprint Assets,Type: Windows Complete OS,Internet Facing Assets,BU ~TLT - Thailand,EOL: Software Asset Inventory,Total Assets,Agent: Qualys Cloud Agent,Agent: CrowdStrike Agent,Inv: Server,Agent: Qualys Correlation Identified,EASM,Shodan,64bit-OS-System-Architecture
"192.100.59.135",""Type: Windows Complete OS,AI:Windows NetBIOS Name Exist,Reg: Pipe Level Access Denied,CE: TLS1.1,CE: TLS1.2,BU ~TLT - Thailand,EOL: Software Asset Inventory,Total Assets,Agent: Qualys Cloud Agent,Agent: CrowdStrike Agent,Inv: Server,Agent: Qualys Correlation Identified,NetBIOS Asset with Windows Authentication,Type CSAM:Server,Cloud Agent,Auth Using kerberos,Win-auth-nullsession,ScanTime15m,64bit-OS-System-Architecture,Assets NO Asset Group!,Scanned in 30-D,Scanned in 90-D,Scanned in 180-D,AU:Authentication Successful,AU:Authentication Failed,AU:Authentication Not Attempted,Operational Tags- Dashboards,No Asset Group,Type: Windows Server ALL,Firewall Detected,DC-Thailand,OS: Windows Server (ALL),Typee:Host Scan Time,AU: Windows Authentication Failed,OS: Windows Server 2019,TLT - Windows Agents,*Asset Name Mismatch,OI: SCCM break Authenticated devices,AU:Windows Authentication Successful,AR: Windows Fingerprint Assets,Internet Facing Assets
"192.100.59.136",""AU:Authentication Not Attempted,Operational Tags- Dashboards,No Asset Group,Type: Windows Server ALL,Firewall Detected,DC-Thailand,OS: Windows Server (ALL),Typee:Host Scan Time,AU: Windows Authentication Failed,OS: Windows Server 2019,TLT - Windows Agents,OI: SCCM break Authenticated devices,AU:Windows Authentication Successful,AR: Windows Fingerprint Assets,AI:Windows NetBIOS Name Exist,Type: Windows Complete OS,Internet Facing Assets,Reg: Pipe Level Access Denied,CE: TLS1.1,CE: TLS1.2,BU ~TLT - Thailand,EOL: Software Asset Inventory,Total Assets,Agent: Qualys Cloud Agent,Agent: CrowdStrike Agent,Inv: Server,Agent: Qualys Correlation Identified,NetBIOS Asset with Windows Authentication,Type CSAM:Server,Cloud Agent,Auth Using kerberos,Win-auth-nullsession,ScanTime15m,64bit-OS-System-Architecture,Assets NO Asset Group!,Scanned in 30-D,Scanned in 90-D,Scanned in 180-D,AU:Authentication Successful,AU:Authentication Failed
"192.100.99.42",""Type CSAM:Server,Cloud Agent,64bit-OS-System-Architecture,Assets NO Asset Group!,Scanned in 30-D,Scanned in 90-D,Scanned in 180-D,Operational Tags- Dashboards,No Asset Group,Type: Windows Server ALL,DC-Thailand,OS: Windows Server (ALL),OS: Windows Server 2019,TLT - Windows Agents,*Asset Name Mismatch,AR: Windows Fingerprint Assets,Type: Windows Complete OS,Internet Facing Assets,BU ~TLT - Thailand,EOL: Software Asset Inventory,Total Assets,Agent: Qualys Cloud Agent,Agent: CrowdStrike Agent,Inv: Server,Agent: Qualys Correlation Identified
"192.100.99.106",""Cloud Agent,64bit-OS-System-Architecture,Assets NO Asset Group!,Scanned in 30-D,Scanned in 90-D,Scanned in 180-D,Operational Tags- Dashboards,No Asset Group,Type: Windows Server ALL,DC-Thailand,OS: Windows Server (ALL),OS: Windows Server 2019,TLT - Windows Agents,*Asset Name Mismatch,AR: Windows Fingerprint Assets,Type: Windows Complete OS,Internet Facing Assets,BU ~TLT - Thailand,EOL: Software Asset Inventory,Total Assets,Agent: Qualys Cloud Agent,Agent: CrowdStrike Agent,Inv: Server,Agent: Qualys Correlation Identified,Type CSAM:Server
"192.100.99.107",""Cloud Agent,Auth Using kerberos,Win-auth-nullsession,ScanTime15m,64bit-OS-System-Architecture,Assets NO Asset Group!,Scanned in 30-D,Scanned in 90-D,Scanned in 180-D,AU:Authentication Successful,AU:Authentication Failed,AU:Authentication Not Attempted,Operational Tags- Dashboards,No Asset Group,Type: Windows Server ALL,Firewall Detected,DC-Thailand,OS: Windows Server (ALL),Typee:Host Scan Time,AU: Windows Authentication Failed,OS: Windows Server 2019,TLT - Windows Agents,OI: SCCM break Authenticated devices,AU:Windows Authentication Successful,AR: Windows Fingerprint Assets,AI:Windows NetBIOS Name Exist,Type: Windows Complete OS,Internet Facing Assets,Reg: Pipe Level Access Denied,CE: TLS1.1,CE: TLS1.2,BU ~TLT - Thailand,EOL: Software Asset Inventory,Total Assets,Agent: Qualys Cloud Agent,Agent: CrowdStrike Agent,Inv: Server,Agent: Qualys Correlation Identified,NetBIOS Asset with Windows Authentication,Type CSAM:Server
"192.100.99.113",""Cloud Agent,Auth Using kerberos,Win-auth-nullsession,ScanTime15m,64bit-OS-System-Architecture,Assets NO Asset Group!,Scanned in 30-D,Scanned in 90-D,Scanned in 180-D,AU:Authentication Successful,AU:Authentication Failed,AU:Authentication Not Attempted,Operational Tags- Dashboards,No Asset Group,Type: Windows Server ALL,Firewall Detected,DC-Thailand,OS: Windows Server (ALL),Typee:Host Scan Time,AU: Windows Authentication Failed,OS: Windows Server 2019,TLT - Windows Agents,*Asset Name Mismatch,OI: SCCM break Authenticated devices,AU:Windows Authentication Successful,AR: Windows Fingerprint Assets,AI:Windows NetBIOS Name Exist,Type: Windows Complete OS,Internet Facing Assets,Reg: Pipe Level Access Denied,CE: TLS1.1,CE: TLS1.2,BU ~TLT - Thailand,EOL: Software Asset Inventory,Total Assets,Agent: Qualys Cloud Agent,Agent: CrowdStrike Agent,Inv: Server,Agent: Qualys Correlation Identified,NetBIOS Asset with Windows Authentication,Type CSAM:Server
"192.100.99.136",""Cloud Agent,Type CSAM:Server,Assets NO Asset Group!,Scanned in 30-D,Scanned in 90-D,Scanned in 180-D,Operational Tags- Dashboards,No Asset Group,Type: Windows Server ALL,DC-Thailand,OS: Windows Server (ALL),OS: Windows Server 2019,TLT - Windows Agents,*Asset Name Mismatch,AR: Windows Fingerprint Assets,Type: Windows Complete OS,Internet Facing Assets,BU ~TLT - Thailand,EOL: Software Asset Inventory,Total Assets,Agent: Qualys Cloud Agent,Agent: CrowdStrike Agent,Inv: Server,Agent: Qualys Correlation Identified,64bit-OS-System-Architecture
"192.100.99.157",""Cloud Agent,Type CSAM:Server,Assets NO Asset Group!,Scanned in 30-D,Scanned in 90-D,Scanned in 180-D,Operational Tags- Dashboards,No Asset Group,Type: Windows Server ALL,DC-Thailand,OS: Windows Server (ALL),OS: Windows Server 2019,TLT - Windows Agents,*Asset Name Mismatch,AR: Windows Fingerprint Assets,Type: Windows Complete OS,Internet Facing Assets,BU ~TLT - Thailand,EOL: Software Asset Inventory,Total Assets,Agent: Qualys Cloud Agent,Agent: CrowdStrike Agent,Inv: Server,Agent: Qualys Correlation Identified,64bit-OS-System-Architecture
"192.100.99.160",""OS: Windows Server (ALL),DC-Thailand,AU: Windows Authentication Failed,OS: Windows Server 2019,TLT - Windows Agents,*Asset Name Mismatch,AR: Windows Fingerprint Assets,AI:Windows NetBIOS Name Exist,Type: Windows Complete OS,Internet Facing Assets,Reg: Pipe Level Access Denied,CE: TLS1.1,CE: TLS1.2,BU ~TLT - Thailand,EOL: Software Asset Inventory,Total Assets,Agent: Qualys Cloud Agent,Agent: CrowdStrike Agent,Inv: Server,Agent: Qualys Correlation Identified,Type CSAM:Server,Cloud Agent,Win-auth-nullsession,ScanTime15m,64bit-OS-System-Architecture,Assets NO Asset Group!,Scanned in 30-D,Scanned in 90-D,Scanned in 180-D,AU:Authentication Failed,AU:Authentication Not Attempted,Operational Tags- Dashboards,No Asset Group,Type: Windows Server ALL,Firewall Detected,Typee:Host Scan Time
"192.100.99.161",""OS: Windows Server (ALL),OS: Windows Server 2019,TLT - Windows Agents,*Asset Name Mismatch,AR: Windows Fingerprint Assets,Type: Windows Complete OS,Internet Facing Assets,BU ~TLT - Thailand,EOL: Software Asset Inventory,Total Assets,Agent: Qualys Cloud Agent,Agent: CrowdStrike Agent,Inv: Server,Agent: Qualys Correlation Identified,Type CSAM:Server,Cloud Agent,64bit-OS-System-Architecture,Assets NO Asset Group!,Scanned in 30-D,Scanned in 90-D,Scanned in 180-D,Operational Tags- Dashboards,No Asset Group,Type: Windows Server ALL,DC-Thailand
"192.100.99.162",""Cloud Agent,Type CSAM:Server,Assets NO Asset Group!,Scanned in 30-D,Scanned in 90-D,Scanned in 180-D,Operational Tags- Dashboards,No Asset Group,Type: Windows Server ALL,DC-Thailand,OS: Windows Server (ALL),OS: Windows Server 2019,TLT - Windows Agents,AR: Windows Fingerprint Assets,Type: Windows Complete OS,Internet Facing Assets,BU ~TLT - Thailand,EOL: Software Asset Inventory,Total Assets,Agent: Qualys Cloud Agent,Agent: CrowdStrike Agent,Inv: Server,Agent: Qualys Correlation Identified,64bit-OS-System-Architecture
"192.100.99.163",""EOL: Software Asset Inventory,BU ~TLT - Thailand,Agent: Qualys Cloud Agent,Agent: CrowdStrike Agent,Inv: Server,Agent: Qualys Correlation Identified,Type CSAM:Server,Cloud Agent,64bit-OS-System-Architecture,Assets NO Asset Group!,Scanned in 30-D,Scanned in 90-D,Scanned in 180-D,Operational Tags- Dashboards,No Asset Group,Type: Windows Server ALL,DC-Thailand,OS: Windows Server (ALL),OS: Windows Server 2019,TLT - Windows Agents,*Asset Name Mismatch,AR: Windows Fingerprint Assets,Type: Windows Complete OS,Internet Facing Assets,Total Assets
"192.100.99.164",""Cloud Agent,Type CSAM:Server,Assets NO Asset Group!,Scanned in 30-D,Scanned in 90-D,Scanned in 180-D,Operational Tags- Dashboards,No Asset Group,Type: Windows Server ALL,DC-Thailand,OS: Windows Server (ALL),OS: Windows Server 2019,TLT - Windows Agents,*Asset Name Mismatch,AR: Windows Fingerprint Assets,Type: Windows Complete OS,Internet Facing Assets,BU ~TLT - Thailand,EOL: Software Asset Inventory,Total Assets,Agent: Qualys Cloud Agent,Agent: CrowdStrike Agent,Inv: Server,Agent: Qualys Correlation Identified,64bit-OS-System-Architecture
"192.100.99.171",""Cloud Agent,Type CSAM:Server,Assets NO Asset Group!,Scanned in 30-D,Scanned in 90-D,Scanned in 180-D,Operational Tags- Dashboards,No Asset Group,Type: Windows Server ALL,DC-Thailand,OS: Windows Server (ALL),OS: Windows Server 2019,TLT - Windows Agents,*Asset Name Mismatch,AR: Windows Fingerprint Assets,Type: Windows Complete OS,Internet Facing Assets,BU ~TLT - Thailand,EOL: Software Asset Inventory,Total Assets,Agent: Qualys Cloud Agent,Agent: CrowdStrike Agent,Inv: Server,Agent: Qualys Correlation Identified,64bit-OS-System-Architecture
"192.100.99.180",""Cloud Agent,Type CSAM:Server,Assets NO Asset Group!,Scanned in 30-D,Scanned in 90-D,Scanned in 180-D,Operational Tags- Dashboards,No Asset Group,Type: Windows Server ALL,DC-Thailand,OS: Windows Server (ALL),OS: Windows Server 2019,TLT - Windows Agents,*Asset Name Mismatch,AR: Windows Fingerprint Assets,Type: Windows Complete OS,Internet Facing Assets,BU ~TLT - Thailand,EOL: Software Asset Inventory,Total Assets,Agent: Qualys Cloud Agent,Agent: CrowdStrike Agent,Inv: Server,Agent: Qualys Correlation Identified,64bit-OS-System-Architecture
"192.100.99.181",""Cloud Agent,Type CSAM:Server,Assets NO Asset Group!,Scanned in 30-D,Scanned in 90-D,Scanned in 180-D,Operational Tags- Dashboards,No Asset Group,Type: Windows Server ALL,DC-Thailand,OS: Windows Server (ALL),OS: Windows Server 2019,TLT - Windows Agents,*Asset Name Mismatch,AR: Windows Fingerprint Assets,Type: Windows Complete OS,Internet Facing Assets,BU ~TLT - Thailand,EOL: Software Asset Inventory,Total Assets,Agent: Qualys Cloud Agent,Agent: CrowdStrike Agent,Inv: Server,Agent: Qualys Correlation Identified,64bit-OS-System-Architecture
"192.100.99.182",""Inv: Server,Agent: CrowdStrike Agent,DB: Microsoft SQL Server,Type CSAM:Server,Cloud Agent,Win-auth-nullsession,ScanTime15m,64bit-OS-System-Architecture,Assets NO Asset Group!,Scanned in 30-D,Scanned in 90-D,Scanned in 180-D,AU:Authentication Failed,AU:Authentication Not Attempted,Operational Tags- Dashboards,No Asset Group,Type: Windows Server ALL,Firewall Detected,DC-Thailand,OS: Windows Server (ALL),Typee:Host Scan Time,AU: Windows Authentication Failed,OS: Windows Server 2019,TLT - Windows Agents,AR: Windows Fingerprint Assets,AI:Windows NetBIOS Name Exist,Type: Windows Complete OS,Internet Facing Assets,Reg: Pipe Level Access Denied,CE: TLS1.1,CE: TLS1.2,BU ~TLT - Thailand,EOL: Software Asset Inventory,Total Assets,Agent: Qualys Cloud Agent,Agent: Qualys Correlation Identified
RESULTS
"Host IP","DNS Hostname","NetBIOS Hostname","Tracking Method","Operating System","OS CPE","NETWORK","Last Scan Date","Evaluation Date","Control ID","Technology","Control","Criticality Label","Criticality Value","Instance","Status","Remediation","Deprecated","Evidence","Cause of Failure","Qualys Host ID"
"10.60.10.78","ec2amaz-89hcgvd","EC2AMAZ-89HCGVD","AGENT","Microsoft Windows Server 2019 Datacenter 10.0.17763 64-bit N/A Build 17763","cpe:/o:microsoft:windows_server_2019:1809::x64:","Global Default Network","11/28/2023 at 04:26:14 (GMT+0700)","11/28/2023 at 05:22:48 (GMT+0700)","2398","Windows 2019 Server","Current list of Groups and User Accounts granted the 'Replace a process level token (SeAssignPrimaryTokenPrivilege)' right","URGENT","5","os","Failed","","0","The following List String value(s) <B>X</B> indicate the current <B>Groups and User Accounts</B> granted the <B>Computer Configuration\Windows Settings\Security Settings\Local Policies\User Rights Assignment\Replace a process level token (SeAssignPrimaryTokenPrivilege)</B> right.

======Expected Value(s)======
matches regular expression list
LOCAL SERVICE
NETWORK SERVICE

======Current Value(s) - Last updated: 11/28/2023 at 00:34:33 (GMT+0700)======
IIS APPPOOL\test
NT AUTHORITY\NETWORK SERVICE
IIS APPPOOL\TLT_CCO_DEV_ClientWeb
IIS APPPOOL\CCO_ClientAPI
NT AUTHORITY\LOCAL SERVICE
IIS APPPOOL\Test_Service_Worker
IIS APPPOOL\TLT_CCO_DEV_AdminWeb
IIS APPPOOL\Test_serviceworker
IIS APPPOOL\DefaultAppPool
","	======Unexpected values======
IIS APPPOOL\test
IIS APPPOOL\TLT_CCO_DEV_ClientWeb
IIS APPPOOL\CCO_ClientAPI
IIS APPPOOL\Test_Service_Worker
IIS APPPOOL\TLT_CCO_DEV_AdminWeb
IIS APPPOOL\Test_serviceworker
IIS APPPOOL\DefaultAppPool","c261fec8-5a95-4bcc-9b6e-6310a04a14b4"
"10.110.179.31","td-arkweb.tlt.co.th","TD-ARKWEB","AGENT","Microsoft Windows Server 2019 Standard 10.0.17763 64-bit N/A Build 17763","cpe:/o:microsoft:windows_server_2019:1809::x64:","Global Default Network","11/28/2023 at 04:09:47 (GMT+0700)","11/28/2023 at 04:13:28 (GMT+0700)","2398","Windows 2019 Server","Current list of Groups and User Accounts granted the 'Replace a process level token (SeAssignPrimaryTokenPrivilege)' right","URGENT","5","os","Failed","","0","The following List String value(s) <B>X</B> indicate the current <B>Groups and User Accounts</B> granted the <B>Computer Configuration\Windows Settings\Security Settings\Local Policies\User Rights Assignment\Replace a process level token (SeAssignPrimaryTokenPrivilege)</B> right.

======Expected Value(s)======
matches regular expression list
LOCAL SERVICE
NETWORK SERVICE

======Current Value(s) - Last updated: 11/27/2023 at 18:41:22 (GMT+0700)======
NT AUTHORITY\NETWORK SERVICE
NT AUTHORITY\LOCAL SERVICE
IIS APPPOOL\DefaultAppPool
","	======Unexpected values======
IIS APPPOOL\DefaultAppPool","e0ecbb57-1875-4375-aba8-e91f1cf2f474"
"10.194.20.101","ec2amaz-2id5bf4","EC2AMAZ-2ID5BF4","AGENT","Windows Server 2019 Datacenter 64 bit Edition Version 1809 Build 17763","cpe:/o:microsoft:windows_server_2019:1809::x64:","Global Default Network","11/27/2023 at 20:41:45 (GMT+0700)","11/27/2023 at 21:03:49 (GMT+0700)","2192","Windows 2019 Server","Current list of Groups and User Accounts granted the 'Create a Pagefile' right","URGENT","5","os","Failed","","0","The following List String value(s) <B>X</B> indicate the current <B>Groups and Users Accounts</B> granted the <B>Create a PageFile (SeCreatePagefilePrivilege)</B> right.

======Expected Value(s)======
matches regular expression list
Administrators
SERVICE
Local Service
Network Service

======Current Value(s) - Last updated: 11/27/2023 at 20:14:26 (GMT+0700)======
BUILTIN\Administrators
","
======Missing values======
SERVICE
Local Service
Network Service","bc454445-39c4-493f-a52c-706b5040ab02"
"10.194.20.101","ec2amaz-2id5bf4","EC2AMAZ-2ID5BF4","AGENT","Windows Server 2019 Datacenter 64 bit Edition Version 1809 Build 17763","cpe:/o:microsoft:windows_server_2019:1809::x64:","Global Default Network","11/27/2023 at 20:41:45 (GMT+0700)","11/27/2023 at 21:03:49 (GMT+0700)","2196","Windows 2019 Server","Current list of Groups and User Accounts granted the 'Deny Access to this computer from the network' right","CRITICAL","4","os","Failed","","0","The following List String value(s) <B>X</B> indicate the current <B>Groups and Users Accounts</B> granted the <B>Deny Access to this computer from the network (SeDenyNetworkLogonRight)</B> right.

======Expected Value(s)======
contains regular expression list
\bGuests$

======Current Value(s) - Last updated: 11/27/2023 at 20:14:26 (GMT+0700)======
EC2AMAZ-2ID5BF4\Guest
","
======Missing values======
\bGuests$","bc454445-39c4-493f-a52c-706b5040ab02"
"10.194.20.101","ec2amaz-2id5bf4","EC2AMAZ-2ID5BF4","AGENT","Windows Server 2019 Datacenter 64 bit Edition Version 1809 Build 17763","cpe:/o:microsoft:windows_server_2019:1809::x64:","Global Default Network","11/27/2023 at 20:41:45 (GMT+0700)","11/27/2023 at 21:03:49 (GMT+0700)","2197","Windows 2019 Server","Current list of Groups and User Accounts granted the 'Deny logon as a batch job' right","CRITICAL","4","os","Failed","","0","The following List String value(s) <B>X</B> indicate the current <B>Groups and Users Accounts</B> granted the <B>Deny logon as a batch job (SeDenyBatchLogonRight)</B> right.

======Expected Value(s)======
contains regular expression list
\bGuests$

======Current Value(s) - Last updated: 11/27/2023 at 20:14:26 (GMT+0700)======
EC2AMAZ-2ID5BF4\Guest
","
======Missing values======
\bGuests$","bc454445-39c4-493f-a52c-706b5040ab02"
"10.194.20.101","ec2amaz-2id5bf4","EC2AMAZ-2ID5BF4","AGENT","Windows Server 2019 Datacenter 64 bit Edition Version 1809 Build 17763","cpe:/o:microsoft:windows_server_2019:1809::x64:","Global Default Network","11/27/2023 at 20:41:45 (GMT+0700)","11/27/2023 at 21:03:49 (GMT+0700)","2398","Windows 2019 Server","Current list of Groups and User Accounts granted the 'Replace a process level token (SeAssignPrimaryTokenPrivilege)' right","URGENT","5","os","Failed","","0","The following List String value(s) <B>X</B> indicate the current <B>Groups and User Accounts</B> granted the <B>Computer Configuration\Windows Settings\Security Settings\Local Policies\User Rights Assignment\Replace a process level token (SeAssignPrimaryTokenPrivilege)</B> right.

======Expected Value(s)======
matches regular expression list
LOCAL SERVICE
NETWORK SERVICE

======Current Value(s) - Last updated: 11/27/2023 at 20:14:26 (GMT+0700)======
IIS APPPOOL\TLT_CCO_UAT_ClientWeb
NT AUTHORITY\NETWORK SERVICE
IIS APPPOOL\TLT_CCO_UAT_ClientAPI
IIS APPPOOL\TLT_CCO_UAT_AdminAPI
NT AUTHORITY\LOCAL SERVICE
IIS APPPOOL\TLT_CCO_UAT_AdminWeb
IIS APPPOOL\Test_ServiceWorker
","	======Unexpected values======
IIS APPPOOL\TLT_CCO_UAT_ClientWeb
IIS APPPOOL\TLT_CCO_UAT_ClientAPI
IIS APPPOOL\TLT_CCO_UAT_AdminAPI
IIS APPPOOL\TLT_CCO_UAT_AdminWeb
IIS APPPOOL\Test_ServiceWorker","bc454445-39c4-493f-a52c-706b5040ab02"
"10.194.20.101","ec2amaz-2id5bf4","EC2AMAZ-2ID5BF4","AGENT","Windows Server 2019 Datacenter 64 bit Edition Version 1809 Build 17763","cpe:/o:microsoft:windows_server_2019:1809::x64:","Global Default Network","11/27/2023 at 20:41:45 (GMT+0700)","11/27/2023 at 21:03:49 (GMT+0700)","3920","Windows 2019 Server","Status of the 'Turn off Internet download for Web publishing and online ordering wizards' setting","CRITICAL","4","os","Failed","","0","This Integer value <B>X</B> indicates the current status of the setting <B>Turn off Internet download for Web publishing and online ordering wizards</B> using the registry key path<B>HKEY_LOCAL_MACHINE\Software\Microsoft\Windows\CurrentVersion\Policies\Explorer\NoWebServices</B> A value of <B>0</B> indicates the setting is <B>disabled</B>; a value of <B>1</B> indicates the setting is <B>enabled</B>.

======Expected Value(s)======
Enabled (1)

======Current Value(s) - Last updated: 11/27/2023 at 20:14:26 (GMT+0700)======
Key not found
","	======Unexpected values======
Key not found","bc454445-39c4-493f-a52c-706b5040ab02"
"10.194.20.101","ec2amaz-2id5bf4","EC2AMAZ-2ID5BF4","AGENT","Windows Server 2019 Datacenter 64 bit Edition Version 1809 Build 17763","cpe:/o:microsoft:windows_server_2019:1809::x64:","Global Default Network","11/27/2023 at 20:41:45 (GMT+0700)","11/27/2023 at 21:03:49 (GMT+0700)","3899","Windows 2019 Server","Status of the 'Solicited Remote Assistance' policy setting (Terminal Services)","SERIOUS","3","os","Failed","","0","This integer value <B>X</B> indicates the  status of the setting <B>Configure Solicited Remote Assistance</B> using the registry key path <B>HKEY_LOCAL_MACHINE\Software\policies\Microsoft\Windows NT\Terminal Services\fAllowToGetHelp</B>, A value of <B>0</B> indicates the setting is<B>Disabled</B>, A value of <B>1</B> indicates the setting is <B>Enabled</B>.

======Expected Value(s)======
Disabled (0)

======Current Value(s) - Last updated: 11/27/2023 at 20:14:26 (GMT+0700)======
Key not found

======Permission Translation======
D : Create link 
 E : Notify 
 F :  Enumerate subkeys 
G : Create subkeys 
H : Set value 
 I : Query value 
 J : Delete 
 K : Write DAC 
 L : Write owner 
 M : Read control
","	======Unexpected values======
Key not found
======Missing values======
Disabled (0)","bc454445-39c4-493f-a52c-706b5040ab02"
"10.194.20.101","ec2amaz-2id5bf4","EC2AMAZ-2ID5BF4","AGENT","Windows Server 2019 Datacenter 64 bit Edition Version 1809 Build 17763","cpe:/o:microsoft:windows_server_2019:1809::x64:","Global Default Network","11/27/2023 at 20:41:45 (GMT+0700)","11/27/2023 at 21:03:49 (GMT+0700)","1183","Windows 2019 Server","Status of the 'Disable Autorun for all drives' setting for the HKLM key","SERIOUS","3","os","Failed","","0","This Integer value <B>X</B> indicates the status of the setting <B>Turn off Autoplay for all drives (NoDriveTypeAutoRun)</B>, using registry key path <B>HKEY_LOCAL_MACHINE\Software\Microsoft\Windows\CurrentVersion\Policies\Explorer\NoDriveTypeAutoRun</B>. A value of <B>181</B> indicates the setting is configured to <B>Autoplay disabled on network and removable drives</B>; a value of <B>255</B> indicates the setting is configured to <B>Autoplay disabled</B>; a value of <B>145</B> indicates the setting is <B>Not configured</B> for <B>Windows Vista, Windows XP Desktop, Windows 2008 Server </B>; a value of <B>149</B> indicates the setting is <B>Not configured</B> for <B>windows 2000, Windows 2003 Server</B>.

======Expected Value(s)======
All drives (255)
------------ OR ------------
equal to
All drives (255)

======Current Value(s) - Last updated: 11/27/2023 at 20:14:26 (GMT+0700)======
Key not found
","	======Unexpected values======
Key not found
======Missing values======
All drives (255)
------------ OR ------------
All drives (255)","bc454445-39c4-493f-a52c-706b5040ab02"
"10.194.20.101","ec2amaz-2id5bf4","EC2AMAZ-2ID5BF4","AGENT","Windows Server 2019 Datacenter 64 bit Edition Version 1809 Build 17763","cpe:/o:microsoft:windows_server_2019:1809::x64:","Global Default Network","11/27/2023 at 20:41:45 (GMT+0700)","11/27/2023 at 21:03:49 (GMT+0700)","3897","Windows 2019 Server","Status of 'Enumerate administrator accounts on elevation' setting","CRITICAL","4","os","Failed","","0","The following Integer value <B>X</B> indicates the status of the <B>Enumerate administrator accounts on elevation</B> setting configured on the host, using the <B>HKEY_LOCAL_MACHINE\Software\Microsoft\Windows\CurrentVersion\Policies\CredUI\'EnumerateAdministrators'</B> registry key. A value of <B>1</B> indicates the setting is <B>Enabled</B>; a value of <B>0</B> indicates the setting is <B>Disabled</B>.

======Expected Value(s)======
Disabled (0)

======Current Value(s) - Last updated: 11/27/2023 at 20:14:26 (GMT+0700)======
Key not found

======Permission Translation======
D : Create link 
 E : Notify 
 F :  Enumerate subkeys 
G : Create subkeys 
H : Set value 
 I : Query value 
 J : Delete 
 K : Write DAC 
 L : Write owner 
 M : Read control
","	======Unexpected values======
Key not found
======Missing values======
Disabled (0)","bc454445-39c4-493f-a52c-706b5040ab02"
"10.194.20.101","ec2amaz-2id5bf4","EC2AMAZ-2ID5BF4","AGENT","Windows Server 2019 Datacenter 64 bit Edition Version 1809 Build 17763","cpe:/o:microsoft:windows_server_2019:1809::x64:","Global Default Network","11/27/2023 at 20:41:45 (GMT+0700)","11/27/2023 at 21:03:49 (GMT+0700)","3876","Windows 2019 Server","Status of the 'Do not allow passwords to be saved' setting (Terminal Services)","CRITICAL","4","os","Failed","","0","This integer value <B>X</B> indicates the status of the setting <B>Do not allow passwords to be saved</B> using the registry key path <B>HKEY_LOCAL_MACHINE\SOFTWARE\Policies\Microsoft\Windows NT\Terminal Services\DisablePasswordSaving</B>. A value of <B>0</B> indicates the setting is <B>Disabled</B>, A value of <B>1</B> indicates the setting is <B>Enabled</B>.

======Expected Value(s)======
Enabled (1)

======Current Value(s) - Last updated: 11/27/2023 at 20:14:26 (GMT+0700)======
Key not found
","	======Unexpected values======
Key not found
======Missing values======
Enabled (1)","bc454445-39c4-493f-a52c-706b5040ab02"
"10.194.20.101","ec2amaz-2id5bf4","EC2AMAZ-2ID5BF4","AGENT","Windows Server 2019 Datacenter 64 bit Edition Version 1809 Build 17763","cpe:/o:microsoft:windows_server_2019:1809::x64:","Global Default Network","11/27/2023 at 20:41:45 (GMT+0700)","11/27/2023 at 21:03:49 (GMT+0700)","3875","Windows 2019 Server","Status of the 'Do not allow drive redirection' setting (Terminal Services)","SERIOUS","3","os","Failed","","0","The following Integer value <B>X</B> indicates the status of the <B>Do not allow drive redirection</B> setting configured on the host, using the <B>HKEY_LOCAL_MACHINE\SOFTWARE\Policies\Microsoft\Windows NT\Terminal Services\'fDisableCdm'</B> registry key, if configured via <B>Group Policy Editor</B> or <B>Microsoft Intune / MDM</B>. A value of <B>1</B> indicates the setting is <B>Enabled</B>; a value of <B>0</B> indicates the setting is <B>Disabled</B>.

======Expected Value(s)======
Enabled (1)

======Current Value(s) - Last updated: 11/27/2023 at 20:14:26 (GMT+0700)======
Key not found
","	======Unexpected values======
Key not found
======Missing values======
Enabled (1)","bc454445-39c4-493f-a52c-706b5040ab02"
"10.194.20.101","ec2amaz-2id5bf4","EC2AMAZ-2ID5BF4","AGENT","Windows Server 2019 Datacenter 64 bit Edition Version 1809 Build 17763","cpe:/o:microsoft:windows_server_2019:1809::x64:","Global Default Network","11/27/2023 at 20:41:45 (GMT+0700)","11/27/2023 at 21:03:49 (GMT+0700)","3891","Windows 2019 Server","Status of the 'Always prompt for password upon connection' setting (Terminal Services)","CRITICAL","4","os","Failed","","0","The following Integer value <B>X</B> indicates the status of the <B>Always prompt for password upon connection</B> setting configured on the host, using the <B>HKEY_LOCAL_MACHINE\SOFTWARE\Policies\Microsoft\Windows NT\Terminal Services\'fPromptForPassword'</B> registry key. A value of <B>1</B> indicates the setting is <B>Enabled</B>; a value of <B>0</B> indicates the setting is <B>Disabled</B>.

======Expected Value(s)======
Disabled (0)

======Current Value(s) - Last updated: 11/27/2023 at 20:14:26 (GMT+0700)======
Key not found

======Permission Translation======
D : Create link 
 E : Notify 
 F :  Enumerate subkeys 
G : Create subkeys 
H : Set value 
 I : Query value 
 J : Delete 
 K : Write DAC 
 L : Write owner 
 M : Read control
","	======Unexpected values======
Key not found","bc454445-39c4-493f-a52c-706b5040ab02"
"10.194.20.101","ec2amaz-2id5bf4","EC2AMAZ-2ID5BF4","AGENT","Windows Server 2019 Datacenter 64 bit Edition Version 1809 Build 17763","cpe:/o:microsoft:windows_server_2019:1809::x64:","Global Default Network","11/27/2023 at 20:41:45 (GMT+0700)","11/27/2023 at 21:03:49 (GMT+0700)","2635","Windows 2019 Server","Status of the 'Set Client Connection Encryption Level' setting (Terminal Services)","SERIOUS","3","os","Failed","","0","This integer value <B>X</B> indicates the status of the setting <B>Encryption Level</B> using the registry key path <B>HKEY_LOCAL_MACHINE\SOFTWARE\Policies\Microsoft\Windows NT\Terminal Services\MinEncryptionLevel</B>. A value of <B>1</B> indicates the setting is set to <B>Low</B>, A value of <B>2</B> indicates the setting is set to <B>Client Compatible</B>, A value of <B>3</B> indicates the setting is set to <B>High</B>.

======Expected Value(s)======
High Level (3)

======Current Value(s) - Last updated: 11/27/2023 at 20:14:26 (GMT+0700)======
Key not found
","	======Unexpected values======
Key not found
======Missing values======
High Level (3)","bc454445-39c4-493f-a52c-706b5040ab02"
"10.194.20.101","ec2amaz-2id5bf4","EC2AMAZ-2ID5BF4","AGENT","Windows Server 2019 Datacenter 64 bit Edition Version 1809 Build 17763","cpe:/o:microsoft:windows_server_2019:1809::x64:","Global Default Network","11/27/2023 at 20:41:45 (GMT+0700)","11/27/2023 at 21:03:49 (GMT+0700)","2198","Windows 2019 Server","Current list of Groups and User Accounts granted the 'Deny logon as a service' right","CRITICAL","4","os","Failed","","0","The following List String value(s) <B>X</B> indicate the current <B>Groups and Users Accounts</B> granted the <B>Deny logon as a service (SeDenyServiceLogonRight)</B> right.

======Expected Value(s)======
contains regular expression list
\bGuests$

======Current Value(s) - Last updated: 11/27/2023 at 20:14:26 (GMT+0700)======
EC2AMAZ-2ID5BF4\Guest
","
======Missing values======
\bGuests$","bc454445-39c4-493f-a52c-706b5040ab02"
"10.194.20.101","ec2amaz-2id5bf4","EC2AMAZ-2ID5BF4","AGENT","Windows Server 2019 Datacenter 64 bit Edition Version 1809 Build 17763","cpe:/o:microsoft:windows_server_2019:1809::x64:","Global Default Network","11/27/2023 at 20:41:45 (GMT+0700)","11/27/2023 at 21:03:49 (GMT+0700)","2199","Windows 2019 Server","Current list of Groups and User Accounts granted the 'Deny log on locally' right","CRITICAL","4","os","Failed","","0","The following List String value(s) <B>X</B> indicate the current <B>Groups and Users Accounts</B> granted the <B>Computer Configuration\Windows Settings\Local Policies\User Rights: 'Deny log on locally'(SeDenyInteractiveLogonRight)</B> right.

======Expected Value(s)======
matches regular expression list
Guests

======Current Value(s) - Last updated: 11/27/2023 at 20:14:26 (GMT+0700)======
EC2AMAZ-2ID5BF4\Guest
","	======Unexpected values======
EC2AMAZ-2ID5BF4\Guest
======Missing values======
Guests","bc454445-39c4-493f-a52c-706b5040ab02"
"10.194.20.101","ec2amaz-2id5bf4","EC2AMAZ-2ID5BF4","AGENT","Windows Server 2019 Datacenter 64 bit Edition Version 1809 Build 17763","cpe:/o:microsoft:windows_server_2019:1809::x64:","Global Default Network","11/27/2023 at 20:41:45 (GMT+0700)","11/27/2023 at 21:03:49 (GMT+0700)","2200","Windows 2019 Server","Current list of Groups and User Accounts granted the 'Deny logon through terminal (Remote Desktop) service' right","CRITICAL","4","os","Failed","","0","The following List String value(s) <B>X</B> indicate the current <B>Groups and Users Accounts</B> granted the <B>Deny logon through terminal service (SeDenyRemoteInteractiveLogonRight)</B> right.

======Expected Value(s)======
contains regular expression list
\bGuests$

======Current Value(s) - Last updated: 11/27/2023 at 20:14:26 (GMT+0700)======
EC2AMAZ-2ID5BF4\Guest
","
======Missing values======
\bGuests$","bc454445-39c4-493f-a52c-706b5040ab02"
"192.100.99.164","wa4alone.tlt.co.th","WA4ALONE","AGENT","Microsoft Windows Server 2019 Standard 10.0.17763 64-bit N/A Build 17763","cpe:/o:microsoft:windows_server_2019:1809::x64:","Global Default Network","11/27/2023 at 22:56:38 (GMT+0700)","11/27/2023 at 23:38:28 (GMT+0700)","2398","Windows 2019 Server","Current list of Groups and User Accounts granted the 'Replace a process level token (SeAssignPrimaryTokenPrivilege)' right","URGENT","5","os","Failed","","0","The following List String value(s) <B>X</B> indicate the current <B>Groups and User Accounts</B> granted the <B>Computer Configuration\Windows Settings\Security Settings\Local Policies\User Rights Assignment\Replace a process level token (SeAssignPrimaryTokenPrivilege)</B> right.

======Expected Value(s)======
matches regular expression list
LOCAL SERVICE
NETWORK SERVICE

======Current Value(s) - Last updated: 11/27/2023 at 22:31:24 (GMT+0700)======
NT AUTHORITY\NETWORK SERVICE
IIS APPPOOL\DioneNotiAPIUAT
NT AUTHORITY\LOCAL SERVICE
","	======Unexpected values======
IIS APPPOOL\DioneNotiAPIUAT","7ab9fd97-0bc9-49a9-a935-1481cff76241"
